{"cameraMode":{"drawMode":0,"name":"Shaded","section":"Shading Mode"},"sceneLighting":true,"audioPlay":false,"sceneViewState":{"showFog":true,"showMaterialUpdate":false,"showSkybox":true,"showFlares":true,"showImageEffects":true,"showParticleSystems":true},"in2DMode":false,"pivot":{"x":-701.2080078125,"y":-210.4271240234375,"z":642.68994140625},"rotation":{"x":-0.2887299358844757,"y":-0.2078191041946411,"z":0.06435758620500565,"w":-0.9323650002479553},"size":2304.460693359375,"orthographic":false}